id;document_metadata_version_name;document_metadata_version_code;flag_active;create_user;created_at;update_user;updated_at;uuid
7211e92c-cf08-4872-9ba6-60fdf6e6cc6e;always;what yowza inside;true;outside upwardly;2025-08-03T19:47:50;between;2025-08-03T04:06:34;halt agreement worriedly
f1a8000f-d030-49ba-ad97-39e0ff8e3750;unethically deliberately cap;ajar youthful honestly;true;um;2025-08-03T14:40:02;once;2025-08-03T10:39:47;redesign breakable not
787f2938-625e-4192-b138-7a6e3ff2f7a2;delightfully;for;false;scent lounge;2025-08-02T22:12:33;nor ditch bemuse;2025-08-03T19:55:32;knowledgeably meh cappelletti
81a464c6-3b15-4393-82d9-2601da17d949;safe;deep golden pish;true;elegant;2025-08-03T16:00:04;annual;2025-08-03T01:43:31;fooey
7a602c50-6e7e-4512-b94f-66fdf0c1b208;why dramatize;easily;false;complication;2025-08-03T11:57:04;throughout;2025-08-03T17:43:28;solemnly atop
32f9848c-a2fd-4420-825b-89649e1b1b16;siege blend;plain;false;fowl;2025-08-03T07:37:29;ring;2025-08-03T00:30:32;through gosh
77e50d92-172e-4bcf-9e31-a8f12a228c56;solder;dutiful;false;offend;2025-08-03T15:24:07;obnoxiously aha;2025-08-03T12:11:38;squirm
975f1d6f-c10e-485a-92f2-4cfa7323e11a;honesty sequester;truly consequently grok;true;platter fondly;2025-08-03T00:15:34;whoever;2025-08-03T13:33:26;trim
227993b8-c023-4db5-8594-1774d6d2a10f;fast;eke;true;unless;2025-08-03T08:14:16;moist when;2025-08-02T23:50:53;jubilant
4a0985d1-76bc-46eb-9f8a-d34bd802c774;punctually;braid until;false;minus dishearten;2025-08-03T05:37:20;boastfully;2025-08-03T01:34:03;eminent
