id;title;document_date;flag_active;create_user;created_at;update_user;updated_at;uuid
904061bf-8dc5-40b4-b170-5c7e10e206ce;exterior;2025-08-02T23:42:13;false;soybean fooey lest;2025-08-03T18:20:48;regularly regarding;2025-08-03T14:22:31;key
59908b31-e930-4fa6-a738-f1edd7d18abe;horst ew after;2025-08-03T14:23:17;false;quadruple;2025-08-03T08:26:01;until aside acidly;2025-08-03T12:49:40;excitedly lazily
bf6132ba-4883-4f7e-82a4-0409b7e86646;heavily;2025-08-03T15:12:32;true;reconsideration;2025-08-03T21:47:48;yowza;2025-08-03T09:49:29;youthful now anenst
eafc0678-5bc9-495c-a7ff-f3bd84344f9f;fess;2025-08-03T12:11:45;false;woot;2025-08-03T20:58:22;improbable bitterly;2025-08-03T04:59:33;powerfully lobotomise
69423aa1-da2d-44a4-a192-34ba8f63c6e4;pharmacopoeia;2025-08-03T00:31:20;true;unless;2025-08-03T02:29:50;in-joke faithfully well-worn;2025-08-03T06:36:24;whose provided
8f405303-1335-491b-8d2a-6cda906f750c;version;2025-08-03T07:06:13;false;why sonnet majestically;2025-08-03T03:54:45;about helpfully scaffold;2025-08-03T00:12:46;analogy
01ebc2d6-34ef-49ad-b8de-933b64353bb6;char gosh jubilantly;2025-08-03T17:05:49;true;aha fervently below;2025-08-03T03:47:28;utilization;2025-08-03T13:51:48;haunting er
3564c3a4-f8f2-4be6-bb19-6e4efbac76e1;though indolent apricot;2025-08-03T17:25:01;false;via;2025-08-03T17:31:23;restfully;2025-08-03T12:01:17;commonly unlined before
0f203f34-d565-4f89-bcf5-bf313114a90e;mmm bog;2025-08-03T02:35:26;true;forenenst blah;2025-08-03T12:13:50;jut;2025-08-03T07:55:54;unexpectedly
d63a175e-d111-462b-841f-a2c8a73e1a41;at;2025-08-03T13:13:19;true;nifty;2025-08-02T22:32:53;reporter hm shakily;2025-08-03T00:15:17;euphonium
