id;name;address_1;address_2;city;state;zipcode;created_timestamp;updated_timestamp;created_by;updated_by
acbe4a7e-0868-410d-8848-8990e6d7cf7d;scarcely jittery gracefully;before;whenever;Ondrickafort;yowza;rundown;2025-08-03T13:09:31;2025-08-03T02:25:16;sadly speedily correctly;fervently
f519138d-d235-46e9-877c-8ef71e3ff170;oh favorable;past;adolescent;East Joanne;secrecy round video;pulverize pointed;2025-08-03T09:01:48;2025-08-03T18:05:25;ew circumnavigate;impossible
0592068a-099c-485e-b1d1-9170bb8049d6;cleaner;hastily but average;and generously pressure;Andreborough;until ignorant breastplate;considering colorful;2025-08-03T14:11:10;2025-08-03T01:06:26;out;minus yowza
54d45802-441e-4a70-b901-10020130aeab;kaleidoscopic round smarten;sheathe really;finally till;West Covina;solace painfully;zowie;2025-08-03T05:10:30;2025-08-03T07:53:03;than disloyal;overdue
0e14b0ad-6715-4bfb-b8df-e531a552f6da;splay righteously instead;drat;circa syringe considering;East Wilhelmine;peony surprisingly alongside;sad than;2025-08-03T01:51:03;2025-08-03T12:45:03;smooth;earnest ownership
eeb5ff5a-ef6f-4656-9fc3-db58abe5d2e0;wherever round;fully monthly supposing;prickly a pack;West Pablo;interior;curry;2025-08-03T09:22:32;2025-08-03T11:59:39;warm why freezing;if onset
83e6c3ee-4ec8-4c62-9a1f-91de97b9f968;unlike meaningfully always;boohoo;roughly drat;Gilesport;inasmuch;to uh-huh unaccountably;2025-08-03T04:07:13;2025-08-03T18:34:23;geez unimpressively;privilege polished recovery
529e168c-2342-42c3-a061-cc97316a6d34;maintainer;impish;underplay kit;Jabarifurt;down allegation ah;eek;2025-08-03T08:43:57;2025-08-02T23:04:45;innocently about afore;indeed up mockingly
e33c995c-ca3f-49e3-b335-2675b8fd162f;apud till that;ick dependent if;ew;Ursulaport;pinion;disposer ew;2025-08-03T00:30:09;2025-08-03T14:21:31;anesthetize devastation turbulent;happily
047f09fd-1841-40ec-8a53-0fa369587d97;hence acquire hurtful;rule;youthfully given;Paucekview;repeat unto;huzzah;2025-08-03T18:47:26;2025-08-03T20:54:34;seldom in;extract
